ID,name,createdAt,createdBy,modifiedAt,modifiedBy
31234538-2030-43c5-9da4-bcda9d0f3d41,name-31234538,2013-03-16T00:00:00.000Z,createdBy.ilgq2@example.org,2009-03-30T00:00:00.000Z,modifiedBy.ilgq2@example.org
39010622-e07b-44bf-b69a-d790d33522b9,name-3901062,2013-02-01T00:00:00.000Z,createdBy.2bm2u@example.org,2017-05-18T00:00:00.000Z,modifiedBy.2bm2u@example.net
3901063e-1183-4ad3-b1a7-7fef869dbc7c,name-3901063,2008-02-22T00:00:00.000Z,createdBy.2bm2v@example.com,2000-03-18T00:00:00.000Z,modifiedBy.2bm2v@example.net
39010645-23a0-4d26-8a36-43dc59da24d8,name-3901064,2003-12-12T00:00:00.000Z,createdBy.2bm2w@example.org,2004-06-27T00:00:00.000Z,modifiedBy.2bm2w@example.org
39010656-bac7-4e4a-85d5-7f8932d53f28,name-3901065,2004-08-27T00:00:00.000Z,createdBy.2bm2x@example.org,2005-08-08T00:00:00.000Z,modifiedBy.2bm2x@example.net
39010665-812c-49f5-bd0a-382858afcded,name-3901066,2001-06-10T00:00:00.000Z,createdBy.2bm2y@example.com,2011-09-10T00:00:00.000Z,modifiedBy.2bm2y@example.org
3901067e-5559-4982-b516-1057ae11a41b,name-3901067,2007-05-11T00:00:00.000Z,createdBy.2bm2z@example.com,2003-09-13T00:00:00.000Z,modifiedBy.2bm2z@example.org
39010681-b012-4bc1-9533-09a54fbfdd91,name-3901068,2012-06-28T00:00:00.000Z,createdBy.2bm30@example.com,2001-11-15T00:00:00.000Z,modifiedBy.2bm30@example.com
39010690-8aef-4709-8523-38cbbad05271,name-3901069,2014-12-07T00:00:00.000Z,createdBy.2bm31@example.org,2016-06-20T00:00:00.000Z,modifiedBy.2bm31@example.org
3901070e-9c4d-43a3-ad9a-0aa55150cdf4,name-3901070,2006-09-10T00:00:00.000Z,createdBy.2bm32@example.com,2016-11-17T00:00:00.000Z,modifiedBy.2bm32@example.net